Citizen_ID,Occupation
CIT_15383,3
CIT_14830,4
CIT_17388,5
CIT_17438,1
CIT_16735,1
CIT_1606,2
CIT_15825,5
CIT_14437,5
CIT_12069,2
CIT_19450,2
CIT_13517,3
CIT_1493,5
CIT_3035,2
CIT_6356,2
CIT_15980,1
CIT_13090,1
CIT_19100,2
CIT_17214,3
CIT_16615,2
CIT_10877,3
CIT_17673,2
CIT_10917,4
CIT_11662,5
CIT_13548,3
CIT_12970,2
CIT_17721,2
CIT_15255,5
CIT_7227,5
CIT_4014,5
CIT_0020,4
CIT_7253,3
CIT_11796,4
CIT_3707,2
CIT_18010,1
CIT_5088,3
CIT_14705,1
CIT_11715,5
CIT_0214,2
CIT_5454,4
CIT_7904,3
CIT_12204,2
CIT_4440,5
CIT_2542,5
CIT_2698,5
CIT_2216,1
CIT_15103,2
CIT_19619,1
CIT_9084,2
CIT_9555,1
CIT_3097,2
CIT_12773,2
CIT_8646,2
CIT_5102,4
CIT_10653,2
CIT_16080,2
CIT_1037,5
CIT_12297,2
CIT_0503,5
CIT_8208,5
CIT_15974,5
CIT_19105,5
CIT_0475,2
CIT_18235,3
CIT_18619,1
CIT_10003,5
CIT_4442,5
CIT_13000,5
CIT_10581,3
CIT_3734,1
CIT_7142,5
CIT_11352,2
CIT_1136,5
CIT_1923,4
CIT_0960,5
CIT_11429,3
CIT_18707,5
CIT_6211,5
CIT_0770,5
CIT_0679,2
CIT_18914,5
CIT_7399,2
CIT_17254,3
CIT_18341,1
CIT_15119,1
CIT_8397,5
CIT_18713,4
CIT_2225,5
CIT_4172,2
CIT_1170,1
CIT_9169,4
CIT_0153,3
CIT_0073,3
CIT_11844,3
CIT_3436,2
CIT_0919,5
CIT_2446,1
CIT_17065,2
CIT_5052,4
CIT_0800,3
CIT_9967,1
CIT_13057,5
CIT_11728,1
CIT_16342,5
CIT_11569,2
CIT_1051,5
CIT_2152,5
CIT_0156,3
CIT_1083,5
CIT_12058,4
CIT_18888,2
CIT_0959,2
CIT_0008,4
CIT_10855,4
CIT_2978,3
CIT_2222,4
CIT_14069,2
CIT_8717,5
CIT_6996,4
CIT_2169,4
CIT_1817,5
CIT_11859,2
CIT_14821,4
CIT_0576,2
CIT_18629,2
CIT_19623,2
CIT_5078,1
CIT_9264,5
CIT_10512,3
CIT_10907,3
CIT_12226,2
CIT_11524,4
CIT_6659,1
CIT_19382,2
CIT_6400,1
CIT_9890,2
CIT_11494,4
CIT_12214,5
CIT_7820,1
CIT_7076,5
CIT_16988,5
CIT_9198,5
CIT_2470,4
CIT_16139,2
CIT_13942,2
CIT_7795,4
CIT_13442,3
CIT_16311,4
CIT_12992,1
CIT_18654,4
CIT_2591,3
CIT_3624,4
CIT_4439,4
CIT_9760,2
CIT_5744,5
CIT_17862,3
CIT_13682,2
CIT_10764,4
CIT_19398,2
CIT_9482,2
CIT_11702,1
CIT_13072,4
CIT_11165,4
CIT_15113,2
CIT_5417,1
CIT_5622,4
CIT_7993,3
CIT_3519,5
CIT_7036,5
CIT_12213,5
CIT_4408,5
CIT_8035,2
CIT_7572,3
CIT_2565,3
CIT_19056,4
CIT_6012,1
CIT_7826,2
CIT_4971,3
CIT_15324,1
CIT_10932,4
CIT_6755,2
CIT_0655,5
CIT_12184,5
CIT_0996,1
CIT_8533,2
CIT_10356,2
CIT_0302,3
CIT_1965,3
CIT_19490,4
CIT_8093,3
CIT_3181,2
CIT_0699,5
CIT_3268,2
CIT_0115,4
CIT_4240,3
CIT_5569,5
CIT_3079,2
CIT_1319,2
CIT_18351,3
CIT_10035,5
CIT_11234,2
CIT_14405,5
CIT_13536,2
CIT_2299,2
CIT_14618,3
CIT_15126,5
CIT_12228,3
CIT_18740,5
CIT_3165,4
CIT_16580,2
CIT_9431,4
CIT_14015,1
CIT_5079,2
CIT_5429,2
CIT_14622,5
CIT_17450,5
CIT_18612,1
CIT_17054,3
CIT_8289,5
CIT_7703,2
CIT_12308,5
CIT_16141,2
CIT_3098,1
CIT_1572,2
CIT_18664,2
CIT_18231,5
CIT_16536,3
CIT_9819,5
CIT_0129,2
CIT_17641,5
CIT_15927,3
CIT_8470,2
CIT_17173,3
CIT_15607,2
CIT_5649,4
CIT_11969,5
CIT_16933,4
CIT_15267,2
CIT_8923,2
CIT_1920,5
CIT_10517,5
CIT_4111,3
CIT_19404,3
CIT_4550,1
CIT_8062,4
CIT_1482,4
CIT_9116,3
CIT_14195,3
CIT_9564,1
CIT_3858,2
CIT_2522,5
CIT_5563,5
CIT_14005,5
CIT_1281,4
CIT_11761,1
CIT_13802,3
CIT_8444,2
CIT_15377,5
CIT_2223,2
CIT_8033,2
CIT_16422,2
CIT_4372,3
CIT_3378,4
CIT_9424,3
CIT_9170,1
CIT_7577,4
CIT_9100,2
CIT_0040,2
CIT_8791,3
CIT_13917,5
CIT_15432,5
CIT_9805,4
CIT_1230,5
CIT_12328,3
CIT_7079,5
CIT_15596,1
CIT_4496,1
CIT_19231,3
CIT_18951,3
CIT_0899,5
CIT_9741,5
CIT_10173,3
CIT_11268,4
CIT_17317,1
CIT_6756,1
CIT_10610,5
CIT_17595,3
CIT_8119,1
CIT_1540,1
CIT_3567,2
CIT_1868,2
CIT_8946,4
CIT_9841,1
CIT_16082,1
CIT_18376,4
CIT_11365,4
CIT_7258,1
CIT_9607,5
CIT_3503,2
CIT_3683,1
CIT_19682,2
CIT_7504,3
CIT_12032,5
CIT_16980,1
CIT_19637,2
CIT_6415,5
CIT_17168,5
CIT_15781,4
CIT_11769,2
CIT_0360,3
CIT_0548,4
CIT_10747,1
CIT_11832,1
CIT_6378,2
CIT_2366,2
CIT_2562,3
CIT_14865,1
CIT_6057,2
CIT_2350,5
CIT_3411,3
CIT_3744,3
CIT_14737,5
CIT_8421,3
CIT_0262,2
CIT_15207,2
CIT_14788,4
CIT_15746,2
CIT_13037,4
CIT_16828,4
CIT_1993,4
CIT_5943,2
CIT_12404,5
CIT_5996,4
CIT_19472,2
CIT_18796,1
CIT_6829,5
CIT_14264,3
CIT_0914,3
CIT_2288,5
CIT_5938,2
CIT_10381,2
CIT_16480,5
CIT_6509,1
CIT_12474,4
CIT_11432,2
CIT_10761,5
CIT_19627,5
CIT_9029,5
CIT_11311,5
CIT_9324,3
CIT_16362,3
CIT_16018,5
CIT_9036,5
CIT_0106,4
CIT_11036,1
CIT_3409,2
CIT_2284,1
CIT_7543,5
CIT_16360,3
CIT_14307,4
CIT_10438,3
CIT_0190,1
CIT_10775,5
CIT_17842,5
CIT_12010,3
CIT_1841,1
CIT_0936,5
CIT_4155,5
CIT_9518,2
CIT_18943,1
CIT_0072,3
CIT_19639,1
CIT_16370,4
CIT_1552,1
CIT_10694,4
CIT_11236,3
CIT_10380,3
CIT_10831,4
CIT_16668,1
CIT_7306,1
CIT_5453,3
CIT_16134,1
CIT_4708,4
CIT_18295,1
CIT_18928,2
CIT_8616,5
CIT_16899,5
CIT_19023,4
CIT_14611,5
CIT_3697,2
CIT_13687,2
CIT_17884,2
CIT_3069,2
CIT_5225,2
CIT_15876,4
CIT_17670,4
CIT_12719,2
CIT_17465,2
CIT_18128,2
CIT_12866,5
CIT_0164,2
CIT_0185,2
CIT_14884,5
CIT_7275,3
CIT_10028,1
CIT_0781,5
CIT_13421,2
CIT_19057,4
CIT_11112,5
CIT_11907,2
CIT_8979,3
CIT_10779,3
CIT_1525,3
CIT_2485,4
CIT_11891,3
CIT_15622,5
CIT_15393,1
CIT_4835,5
CIT_17357,2
CIT_13542,2
CIT_10040,5
CIT_0932,3
CIT_19462,3
CIT_16425,4
CIT_15626,2
CIT_10915,3
CIT_3081,1
CIT_7702,1
CIT_4116,1
CIT_12306,4
CIT_1539,2
CIT_14658,5
CIT_15239,5
CIT_13155,1
CIT_7044,1
CIT_7481,4
CIT_1731,2
CIT_6449,1
CIT_16692,4
CIT_8864,1
CIT_11881,1
CIT_5561,2
CIT_5178,3
CIT_2869,4
CIT_16490,5
CIT_10683,3
CIT_10298,1
CIT_4154,5
CIT_7592,1
CIT_8141,2
CIT_18098,2
CIT_7094,3
CIT_8571,2
CIT_0375,4
CIT_7948,4
CIT_10080,2
CIT_13088,2
CIT_1751,3
CIT_18023,2
CIT_14751,1
CIT_11131,2
CIT_9240,2
CIT_16463,1
CIT_17813,5
CIT_0645,1
CIT_9736,3
CIT_7554,2
CIT_3340,2
CIT_13672,2
CIT_16398,2
CIT_9563,2
CIT_2577,2
CIT_0696,3
CIT_8742,4
CIT_10503,3
CIT_2638,5
CIT_8146,3
CIT_10573,3
CIT_19137,4
CIT_8841,3
CIT_15748,3
CIT_6437,1
CIT_14418,1
CIT_16452,1
CIT_4085,4
CIT_14376,4
CIT_1766,5
CIT_11875,2
CIT_6678,4
CIT_9474,3
CIT_18537,4
CIT_9151,3
CIT_10307,1
CIT_19004,4
CIT_5877,3
CIT_1747,2
CIT_19600,4
CIT_5784,3
CIT_19344,4
CIT_16435,4
CIT_13665,5
CIT_19453,4
CIT_14605,2
CIT_11747,2
CIT_6455,2
CIT_9232,2
CIT_16694,2
CIT_15588,1
CIT_3589,5
CIT_4255,2
CIT_11007,4
CIT_10214,4
CIT_4367,4
CIT_19385,2
CIT_8012,3
CIT_14513,5
CIT_1306,1
CIT_11331,2
CIT_6481,1
CIT_4953,1
CIT_15496,1
CIT_12729,2
CIT_14276,4
CIT_16110,5
CIT_2172,3
CIT_0501,4
CIT_13143,4
CIT_4201,5
CIT_0056,4
CIT_12140,5
CIT_15362,3
CIT_11430,3
CIT_3432,2
CIT_10606,4
CIT_10900,5
CIT_0834,3
CIT_15673,5
CIT_9458,4
CIT_16650,4
CIT_18822,4
CIT_5593,1
CIT_8007,1
CIT_13384,5
CIT_18502,3
CIT_8213,5
CIT_11508,5
CIT_9057,1
CIT_16163,3
CIT_18288,2
CIT_1635,5
CIT_1151,2
CIT_1566,5
CIT_13450,1
CIT_5029,5
CIT_2680,4
CIT_5654,5
CIT_11744,5
CIT_3150,5
CIT_18176,5
CIT_10233,4
CIT_19188,1
CIT_1109,4
CIT_6241,1
CIT_17849,3
CIT_8637,2
CIT_4315,2
CIT_11732,2
CIT_17464,5
CIT_8295,3
CIT_7212,5
CIT_6295,5
CIT_17047,3
CIT_16307,4
CIT_11545,5
CIT_17276,5
CIT_10965,2
CIT_6781,3
CIT_12492,1
CIT_4888,2
CIT_18374,4
CIT_15401,3
CIT_19135,1
CIT_11396,4
CIT_8231,1
CIT_18479,2
CIT_6081,2
CIT_7294,5
CIT_0978,1
CIT_9710,5
CIT_14857,2
CIT_0507,5
CIT_11142,1
CIT_0144,2
CIT_0579,1
CIT_12573,2
CIT_19222,5
CIT_15307,2
CIT_0917,2
CIT_1730,2
CIT_12623,5
CIT_7746,2
CIT_17703,2
CIT_2379,2
CIT_8466,2
CIT_10022,5
CIT_8394,1
CIT_10365,2
CIT_8634,4
CIT_13168,5
CIT_11940,3
CIT_11941,5
CIT_9833,2
CIT_9586,4
CIT_19338,1
CIT_16792,1
CIT_14248,1
CIT_13122,2
CIT_16675,5
CIT_18436,5
CIT_15608,2
CIT_16486,1
CIT_4640,3
CIT_13638,3
CIT_12554,5
CIT_14351,3
CIT_10498,3
CIT_17804,2
CIT_13310,4
CIT_8789,3
CIT_2218,5
CIT_13575,3
CIT_5084,3
CIT_15827,2
CIT_13476,2
CIT_7837,1
CIT_16048,2
CIT_5711,4
CIT_10331,1
CIT_3203,4
CIT_10312,1
CIT_8996,5
CIT_2154,5
CIT_18320,1
CIT_13261,5
CIT_12075,5
CIT_2747,4
CIT_9046,5
CIT_12468,4
CIT_19390,5
CIT_17082,4
CIT_11824,3
CIT_4056,3
CIT_18385,5
CIT_17549,2
CIT_16095,4
CIT_2208,5
CIT_11050,1
CIT_8338,4
CIT_13124,2
CIT_3900,5
CIT_5721,3
CIT_13837,4
CIT_9522,2
CIT_7197,5
CIT_11374,4
CIT_7661,3
CIT_12757,2
CIT_13887,5
CIT_13197,2
CIT_6313,4
CIT_11246,4
CIT_19062,3
CIT_9917,3
CIT_9866,5
CIT_13558,1
CIT_17396,5
CIT_3224,5
CIT_14876,1
CIT_19609,3
CIT_0140,2
CIT_9672,4
CIT_17041,4
CIT_2374,4
CIT_7172,4
CIT_13397,2
CIT_8239,4
CIT_17324,2
CIT_8300,1
CIT_7836,5
CIT_1538,3
CIT_7849,4
CIT_6439,3
CIT_16981,3
CIT_4805,3
CIT_1660,2
CIT_15286,3
CIT_8327,2
CIT_16925,5
CIT_5683,5
CIT_6367,3
CIT_2227,2
CIT_15086,3
CIT_18961,5
CIT_19167,2
CIT_19207,5
CIT_3896,2
CIT_16843,5
CIT_10708,2
CIT_13904,5
CIT_13950,2
CIT_17551,1
CIT_4120,1
CIT_4530,5
CIT_3285,3
CIT_17980,5
CIT_14527,1
CIT_11641,5
CIT_10909,2
CIT_19495,5
CIT_10313,5
CIT_12205,4
CIT_19145,2
CIT_10681,5
CIT_15197,2
CIT_18287,3
CIT_7450,5
CIT_13659,2
CIT_10859,1
CIT_9895,2
CIT_19364,2
CIT_16604,3
CIT_10443,4
CIT_2723,2
CIT_14870,2
CIT_16102,3
CIT_17753,5
CIT_12446,1
CIT_0240,5
CIT_12085,2
CIT_14931,1
CIT_17940,4
CIT_16273,3
CIT_16939,1
CIT_16044,3
CIT_4554,5
CIT_2599,4
CIT_15085,1
CIT_0222,5
CIT_13127,1
CIT_11551,5
CIT_14494,2
CIT_5312,5
CIT_3497,3
CIT_18271,2
CIT_13487,5
CIT_0590,1
CIT_6070,5
CIT_19667,4
CIT_1430,1
CIT_14909,2
CIT_5023,4
CIT_8465,5
CIT_17159,5
CIT_4777,4
CIT_7509,4
CIT_13929,1
CIT_13346,2
CIT_6020,1
CIT_8102,1
CIT_13216,5
CIT_15952,3
CIT_16012,4
CIT_8662,1
CIT_11169,2
CIT_7002,5
CIT_1884,2
CIT_14470,3
CIT_19008,1
CIT_12556,5
CIT_17059,1
CIT_14440,4
CIT_11439,3
CIT_14152,4
CIT_9420,5
CIT_5900,1
CIT_8640,1
CIT_13093,4
CIT_12877,1
CIT_0706,5
CIT_7030,2
CIT_19580,3
CIT_16182,3
CIT_17181,1
CIT_8739,3
CIT_19510,3
CIT_17531,3
CIT_14064,1
CIT_9764,5
CIT_7324,1
CIT_0750,3
CIT_2643,1
CIT_16263,5
CIT_3187,5
CIT_17360,5
CIT_5081,2
CIT_10519,1
CIT_10719,2
CIT_1428,2
CIT_11239,2
CIT_7911,2
CIT_1127,2
CIT_5289,5
CIT_14700,2
CIT_8506,1
CIT_9284,5
CIT_11341,5
CIT_2150,5
CIT_6238,2
CIT_6462,4
CIT_11470,2
CIT_8441,4
CIT_2860,5
CIT_1011,1
CIT_4237,2
CIT_0128,3
CIT_6029,1
CIT_17859,2
CIT_9127,2
CIT_2633,5
CIT_12237,4
CIT_4453,5
CIT_7408,3
CIT_19650,2
CIT_4773,5
CIT_12979,1
CIT_14701,2
CIT_5594,5
CIT_3415,5
CIT_15613,5
CIT_13481,4
CIT_6408,2
CIT_10791,2
CIT_10335,4
CIT_16168,3
CIT_1365,5
CIT_6318,5
CIT_4069,2
CIT_1684,1
CIT_18406,2
CIT_12883,2
CIT_6554,5
CIT_12148,1
CIT_5027,2
CIT_18540,3
CIT_12723,5
CIT_17477,5
CIT_18642,2
CIT_14609,2
CIT_15787,5
CIT_7485,4
CIT_12030,1
CIT_18860,3
CIT_11454,2
CIT_12314,5
CIT_14261,2
CIT_4825,3
CIT_3815,4
CIT_5181,5
CIT_8077,2
CIT_16764,3
CIT_18644,1
CIT_12675,3
CIT_19065,2
CIT_19117,2
CIT_10832,4
CIT_14805,2
CIT_8292,5
CIT_7031,3
CIT_3762,1
CIT_11595,3
CIT_9762,3
CIT_16751,2
CIT_3350,3
CIT_16359,2
CIT_2058,2
CIT_1634,2
CIT_13317,1
CIT_2658,2
CIT_15331,3
CIT_19067,4
CIT_8206,1
CIT_5827,2
CIT_17470,4
CIT_8427,2
CIT_8056,1
CIT_2059,4
CIT_11856,3
CIT_6900,2
CIT_3065,4
CIT_9125,2
CIT_1254,2
CIT_1391,2
CIT_2778,3
CIT_3197,5
CIT_2808,5
CIT_19616,4
CIT_5990,3
CIT_0124,1
CIT_0417,1
CIT_1122,2
CIT_0970,4
CIT_6037,1
CIT_7581,3
CIT_19408,3
CIT_4468,5
CIT_18666,2
CIT_11136,3
CIT_19220,4
CIT_14299,1
CIT_2539,4
CIT_9436,3
CIT_15661,5
CIT_18420,5
CIT_15597,5
CIT_15676,3
CIT_3324,2
CIT_8395,3
CIT_3702,5
CIT_1196,2
CIT_3996,2
CIT_2726,5
CIT_7564,4
CIT_1025,5
CIT_3605,4
CIT_3237,2
CIT_0717,2
CIT_16507,2
CIT_6488,2
CIT_14398,5
CIT_9451,1
CIT_19160,3
CIT_2886,1
CIT_12321,3
CIT_10643,3
CIT_16427,5
CIT_2387,5
CIT_19268,5
CIT_17541,3
CIT_18072,2
CIT_19036,5
CIT_6325,4
CIT_1784,3
CIT_9121,1
CIT_14927,4
CIT_5500,2
CIT_15555,1
CIT_6249,2
CIT_4410,5
CIT_4305,3
CIT_4915,2
CIT_18939,1
CIT_4756,3
CIT_8559,1
CIT_1707,2
CIT_5878,1
CIT_15313,4
CIT_3960,1
CIT_16397,3
CIT_2369,1
CIT_0621,5
CIT_4218,2
CIT_12553,5
CIT_12907,2
CIT_16584,4
CIT_2992,1
CIT_3451,2
CIT_9040,2
CIT_12451,5
CIT_13490,4
CIT_0769,3
CIT_10727,1
CIT_14173,4
CIT_13242,2
CIT_15568,4
CIT_3333,4
CIT_12593,3
CIT_17836,2
CIT_7894,5
CIT_12179,3
CIT_8065,5
CIT_0308,2
CIT_17543,5
CIT_5599,4
CIT_10566,5
CIT_3748,3
CIT_11084,5
CIT_12562,3
CIT_1798,2
CIT_13180,5
CIT_11787,2
CIT_3620,5
CIT_3818,5
CIT_5927,2
CIT_17445,1
CIT_13483,4
CIT_0676,3
CIT_11631,5
CIT_12559,5
CIT_4459,1
CIT_0445,2
CIT_17508,3
CIT_18357,5
CIT_6670,5
CIT_16644,3
CIT_4857,1
CIT_11060,4
CIT_4801,3
CIT_15955,1
CIT_18924,1
CIT_3252,5
CIT_11004,3
CIT_16783,2
CIT_5588,3
CIT_7960,3
CIT_4353,4
CIT_17902,1
CIT_7750,5
CIT_7188,5
CIT_4674,5
CIT_13409,2
CIT_2731,3
CIT_1915,4
CIT_10856,1
CIT_4317,1
CIT_14571,2
CIT_2209,1
CIT_4466,2
CIT_13221,4
CIT_2038,1
CIT_19011,5
CIT_13635,2
CIT_18985,2
CIT_14650,1
CIT_15970,3
CIT_4243,4
CIT_7677,1
CIT_17139,3
CIT_3635,2
CIT_2918,3
CIT_9382,4
CIT_17385,2
CIT_16471,3
CIT_18643,2
CIT_5322,5
CIT_18444,5
CIT_11465,5
CIT_6276,4
CIT_12904,5
CIT_2587,2
CIT_19504,5
CIT_4787,5
CIT_12569,1
CIT_17140,3
CIT_16624,4
CIT_5200,5
CIT_6232,2
CIT_5283,1
CIT_6418,4
CIT_10808,3
CIT_6059,3
CIT_3134,5
CIT_19570,4
CIT_0971,4
CIT_2979,3
CIT_11790,2
CIT_2027,5
CIT_5993,5
CIT_5134,3
CIT_2224,5
CIT_13759,4
CIT_15602,2
CIT_7817,2
CIT_17197,4
CIT_15771,5
CIT_10569,2
CIT_5729,3
CIT_2398,5
CIT_4064,1
CIT_14086,1
CIT_17883,1
CIT_1522,2
CIT_2548,1
CIT_4995,4
CIT_9957,5
CIT_16081,3
CIT_1457,3
CIT_0249,4
CIT_1134,3
CIT_3124,5
CIT_2756,4
CIT_2965,1
CIT_18955,5
CIT_16715,4
CIT_18891,3
CIT_1206,3
CIT_11510,3
CIT_1613,2
CIT_7777,2
CIT_8233,3
CIT_9267,4
CIT_3863,2
CIT_0524,4
CIT_18880,1
CIT_9074,1
CIT_1535,5
CIT_7511,5
CIT_12679,3
CIT_8513,5
CIT_18752,2
CIT_2912,3
CIT_12822,1
CIT_18681,1
CIT_14456,4
CIT_16718,4
CIT_9920,2
CIT_6297,4
CIT_10654,1
CIT_2559,5
CIT_3117,5
CIT_6438,2
CIT_1781,3
CIT_16508,4
CIT_1272,5
CIT_18806,5
CIT_19438,3
CIT_17161,1
CIT_18571,2
CIT_6042,4
CIT_3094,1
CIT_5801,1
CIT_8494,1
CIT_7205,3
CIT_1327,3
CIT_4205,5
CIT_1827,2
CIT_0836,4
CIT_0082,3
CIT_17770,5
CIT_9113,2
CIT_19016,2
CIT_12241,5
CIT_5246,4
CIT_4714,5
CIT_2170,3
CIT_18736,1
CIT_0337,5
CIT_14562,2
CIT_4133,3
CIT_2163,2
CIT_12688,4
CIT_7054,3
CIT_1029,5
CIT_0138,2
CIT_1070,5
CIT_12794,5
CIT_13043,1
CIT_4000,2
CIT_18191,5
CIT_9466,4
CIT_15341,5
CIT_6618,5
CIT_18689,4
CIT_15912,2
CIT_18429,1
CIT_8671,2
CIT_16123,3
CIT_7858,2
CIT_9981,3
CIT_12693,1
CIT_4877,2
CIT_16874,1
CIT_2774,3
CIT_16945,3
CIT_2861,3
CIT_12369,4
CIT_4033,2
CIT_0301,4
CIT_17827,2
CIT_12762,2
CIT_16768,2
CIT_9848,5
CIT_4276,3
CIT_18234,2
CIT_12317,4
CIT_13190,2
CIT_13455,5
CIT_14547,4
CIT_2315,4
CIT_18390,1
CIT_16291,2
CIT_2803,5
CIT_1991,3
CIT_16971,1
CIT_4515,3
CIT_10296,4
CIT_0109,4
CIT_14965,5
CIT_1464,1
CIT_9690,4
CIT_0686,4
CIT_12650,5
CIT_9585,1
CIT_14930,2
CIT_10833,2
CIT_3408,4
CIT_11533,5
CIT_11653,1
CIT_18395,2
CIT_7289,3
CIT_10669,5
CIT_2092,1
CIT_16277,2
CIT_17448,4
CIT_3234,3
CIT_11486,5
CIT_9727,5
CIT_15023,4
CIT_16923,3
CIT_1837,1
CIT_5456,1
CIT_0093,1
CIT_15531,2
CIT_7668,5
CIT_0864,3
CIT_7999,4
CIT_12665,3
CIT_18695,1
CIT_7360,3
CIT_9102,4
CIT_3741,1
CIT_0062,5
CIT_4176,2
CIT_5406,5
CIT_6581,1
CIT_6489,4
CIT_7751,3
CIT_12499,5
CIT_9068,5
CIT_9485,2
CIT_3051,1
CIT_3646,5
CIT_11766,5
CIT_16129,3
CIT_15864,3
CIT_9526,5
CIT_11514,1
CIT_2592,1
CIT_14424,2
CIT_6108,4
CIT_8165,2
CIT_9211,3
CIT_4821,5
CIT_9998,3
CIT_12635,1
CIT_12234,5
CIT_6676,2
CIT_11800,2
CIT_17373,5
CIT_3213,1
CIT_11235,3
CIT_0345,5
CIT_13652,4
CIT_11175,2
CIT_10267,3
CIT_12931,5
CIT_0236,1
CIT_13135,3
CIT_13025,2
CIT_12154,5
CIT_12107,4
CIT_12532,1
CIT_14908,4
CIT_1394,3
CIT_18887,4
CIT_11264,1
CIT_6016,5
CIT_2447,2
CIT_15856,3
CIT_17712,5
CIT_6731,4
CIT_10515,5
CIT_15924,4
CIT_6330,5
CIT_19638,3
CIT_18785,5
CIT_6801,1
CIT_8913,2
CIT_12409,3
CIT_16924,2
CIT_15142,2
CIT_8931,2
CIT_18309,3
CIT_12733,5
CIT_16734,4
CIT_14141,2
CIT_4565,5
CIT_18893,2
CIT_10465,4
CIT_11992,5
CIT_11955,4
CIT_15091,4
CIT_1223,4
CIT_16434,4
CIT_12517,1
CIT_8941,2
CIT_9661,1
CIT_16226,2
CIT_15735,1
CIT_11003,2
CIT_16862,1
CIT_4464,1
CIT_12209,1
CIT_12119,5
CIT_13308,5
CIT_0894,4
CIT_0477,2
CIT_9135,2
CIT_5425,1
CIT_14741,1
CIT_9606,4
CIT_7632,5
CIT_8896,1
CIT_13023,3
CIT_6078,5
CIT_1860,5
CIT_9185,1
CIT_5812,4
CIT_18069,1
CIT_7578,5
CIT_5766,2
CIT_17502,3
CIT_17590,3
CIT_6490,3
CIT_5426,4
CIT_4164,4
CIT_4302,2
CIT_19644,5
CIT_6812,4
CIT_5205,4
CIT_0572,2
CIT_12126,5
CIT_11305,5
CIT_2355,2
CIT_17730,2
CIT_5530,5
CIT_4504,1
CIT_13847,1
CIT_17617,1
CIT_0336,1
CIT_0886,1
CIT_4301,2
CIT_8017,5
CIT_19162,1
CIT_3953,4
CIT_0402,3
CIT_18998,4
CIT_15029,3
CIT_5535,4
CIT_3889,4
CIT_3376,3
CIT_7647,4
CIT_7879,2
CIT_7029,4
CIT_14108,1
CIT_7016,2
CIT_17135,3
CIT_14730,4
CIT_7135,5
CIT_10352,4
CIT_5852,3
CIT_14569,3
CIT_16856,1
CIT_8082,1
CIT_6272,4
CIT_11324,5
CIT_4954,4
CIT_13626,3
CIT_4242,1
CIT_9671,5
CIT_17378,5
CIT_14923,3
CIT_3920,2
CIT_10113,5
CIT_2107,3
CIT_14177,3
CIT_15234,5
CIT_9270,1
CIT_1765,2
CIT_1865,4
CIT_13514,1
CIT_1573,5
CIT_18055,5
CIT_8252,4
CIT_9660,1
CIT_14714,3
CIT_2535,2
CIT_19492,3
CIT_10158,2
CIT_10767,5
CIT_13712,4
CIT_18125,1
CIT_3507,4
CIT_8038,1
CIT_14735,3
CIT_1621,1
CIT_7305,5
CIT_17334,4
CIT_2575,2
CIT_3322,4
CIT_9376,4
CIT_0728,2
CIT_10346,2
CIT_13257,4
CIT_15292,3
CIT_12520,3
CIT_10310,5
CIT_11480,5
CIT_13919,5
CIT_10884,1
CIT_3458,2
CIT_12823,4
CIT_16261,4
CIT_19643,3
CIT_3222,1
CIT_6453,1
CIT_1890,4
CIT_9263,2
CIT_15288,2
CIT_7958,2
CIT_8588,5
CIT_2578,2
CIT_17886,4
CIT_13166,5
CIT_3221,5
CIT_9130,1
CIT_17801,2
CIT_16179,1
CIT_4032,5
CIT_1191,3
CIT_9910,3
CIT_12698,4
CIT_12454,2
CIT_16785,1
CIT_17755,5
CIT_4329,5
CIT_0707,5
CIT_11970,2
CIT_18909,2
CIT_17315,1
CIT_17788,3
CIT_4716,2
CIT_6431,2
CIT_10986,5
CIT_9274,1
CIT_7387,1
CIT_15306,1
CIT_6383,2
CIT_4804,2
CIT_15430,4
CIT_14952,3
CIT_11153,2
CIT_10871,3
CIT_7838,3
CIT_1165,4
CIT_5780,3
CIT_13314,3
CIT_4208,5
CIT_8106,4
CIT_19246,5
CIT_6248,5
CIT_15556,1
CIT_16847,4
CIT_3736,3
CIT_5818,1
CIT_13783,5
CIT_11146,3
CIT_4746,5
CIT_6413,3
CIT_17337,1
CIT_15845,5
CIT_7871,3
CIT_11700,5
CIT_10339,3
CIT_10599,2
CIT_4631,1
CIT_16365,4
CIT_0757,4
CIT_14411,4
CIT_18626,3
CIT_0162,2
CIT_4018,2
CIT_1738,4
CIT_2212,2
CIT_15921,2
CIT_11118,3
CIT_13733,5
CIT_3671,3
CIT_0792,5
CIT_4823,4
CIT_2061,4
CIT_5800,3
CIT_19548,1
CIT_0562,2
CIT_7872,4
CIT_9621,3
CIT_6706,2
CIT_2102,3
CIT_3050,1
CIT_7833,5
CIT_14090,3
CIT_17651,1
CIT_6384,2
CIT_3781,2
CIT_12538,5
CIT_8733,3
CIT_9022,1
CIT_15714,2
CIT_2314,4
CIT_12034,1
CIT_18997,2
CIT_9629,1
CIT_11606,5
CIT_12060,3
CIT_15687,5
CIT_1425,5
CIT_1523,1
CIT_4310,3
CIT_6405,5
CIT_15780,5
CIT_16214,5
CIT_18530,4
CIT_7929,5
CIT_3952,5
CIT_17050,3
CIT_0859,5
CIT_19099,3
CIT_15045,2
CIT_4602,5
CIT_12419,3
CIT_4924,4
CIT_2400,2
CIT_10766,4
CIT_16384,2
CIT_13944,3
CIT_16989,3
CIT_6219,2
CIT_12943,3
CIT_17141,3
CIT_9894,3
CIT_6574,1
CIT_12087,2
CIT_17339,2
CIT_11023,2
CIT_15786,3
CIT_14710,4
CIT_15725,1
CIT_7127,5
CIT_14459,1
CIT_15148,3
CIT_5928,1
CIT_18970,5
CIT_7556,4
CIT_12927,2
CIT_15698,1
CIT_3016,3
CIT_12546,5
CIT_9273,5
CIT_14722,2
CIT_19449,5
CIT_10862,4
CIT_8542,4
CIT_17858,3
CIT_3627,4
CIT_14841,2
CIT_16709,2
CIT_1637,4
CIT_8944,1
CIT_18485,1
CIT_15533,3
CIT_8953,5
CIT_4837,5
CIT_8890,2
CIT_1227,5
CIT_18106,2
CIT_9987,3
CIT_6587,4
CIT_4341,3
CIT_18812,5
CIT_7472,5
CIT_18342,3
CIT_13901,5
CIT_4366,3
CIT_11926,5
CIT_2279,5
CIT_14587,2
CIT_7011,5
CIT_12961,1
CIT_9592,1
CIT_10105,3
CIT_19680,1
CIT_16852,5
CIT_9728,3
CIT_7203,1
CIT_0098,2
CIT_18677,4
CIT_11101,2
CIT_11703,2
CIT_14228,5
CIT_3511,5
CIT_8668,1
CIT_13399,4
CIT_9688,4
CIT_1639,5
CIT_6636,3
CIT_10692,5
CIT_11171,1
CIT_4891,5
CIT_2483,5
CIT_5822,3
CIT_11562,4
CIT_6101,5
CIT_10357,3
CIT_3256,2
CIT_12836,2
CIT_18138,4
CIT_13130,4
CIT_16121,1
CIT_3157,2
CIT_12290,2
CIT_12657,4
CIT_19219,5
CIT_11478,3
CIT_13843,4
CIT_2964,4
CIT_19043,3
CIT_18708,2
CIT_13247,5
CIT_15542,2
CIT_4038,4
CIT_13245,4
CIT_16816,1
CIT_0602,5
CIT_11031,3
CIT_12960,3
CIT_18661,5
CIT_0782,5
CIT_2338,3
CIT_1383,1
CIT_15105,1
CIT_3388,4
CIT_8016,5
CIT_11404,2
CIT_0346,4
CIT_18691,2
CIT_6759,5
CIT_9691,3
CIT_19131,5
CIT_4689,1
CIT_6041,1
CIT_19531,5
CIT_6346,3
CIT_17368,3
CIT_12483,2
CIT_1654,2
CIT_14584,4
CIT_10475,1
CIT_1824,3
CIT_12145,3
CIT_1698,2
CIT_2730,5
CIT_0693,3
CIT_15569,1
CIT_13827,3
CIT_17927,2
CIT_13382,1
CIT_6987,3
CIT_3342,2
CIT_8124,5
CIT_14023,1
CIT_0212,3
CIT_9043,5
CIT_9794,3
CIT_15888,4
CIT_11292,1
CIT_13128,1
CIT_19239,3
CIT_9825,3
CIT_4901,5
CIT_2096,2
CIT_15538,4
CIT_4101,3
CIT_18272,2
CIT_10015,3
CIT_4721,2
CIT_8943,3
CIT_7405,5
CIT_18269,3
CIT_1695,4
CIT_6980,5
CIT_14693,5
CIT_3881,3
CIT_18901,3
CIT_10104,2
CIT_7304,2
CIT_14783,2
CIT_5016,2
CIT_10282,5
CIT_18281,3
CIT_15285,5
CIT_5626,1
CIT_0088,4
CIT_11948,2
CIT_11455,2
CIT_17599,2
CIT_1794,4
CIT_3650,1
CIT_6866,4
CIT_15897,4
CIT_8743,5
CIT_5642,1
CIT_3599,4
CIT_7229,5
CIT_11394,2
CIT_9859,1
CIT_2034,3
CIT_17826,3
CIT_12810,1
CIT_2411,1
CIT_18864,4
CIT_8735,1
CIT_14967,3
CIT_16669,4
CIT_0200,3
CIT_15312,2
CIT_16316,4
CIT_3586,2
CIT_17431,5
CIT_5589,5
CIT_13618,4
CIT_10007,4
CIT_15587,2
CIT_9709,1
CIT_17406,5
CIT_18389,1
CIT_16439,2
CIT_13922,5
CIT_6080,3
CIT_17926,1
CIT_3991,3
CIT_6785,4
CIT_10841,2
CIT_16254,4
CIT_13996,2
CIT_4572,2
CIT_2104,1
CIT_6359,4
CIT_12851,2
CIT_4547,2
CIT_1830,4
CIT_15391,3
CIT_12798,5
CIT_6064,3
CIT_1953,5
CIT_19154,2
CIT_2368,5
CIT_5031,1
CIT_1449,2
CIT_18273,4
CIT_0344,2
CIT_12220,1
CIT_15997,1
CIT_1232,4
CIT_13868,4
CIT_3731,5
CIT_9475,2
CIT_8837,2
CIT_9413,4
CIT_1453,5
CIT_19280,4
CIT_14928,1
CIT_5560,5
CIT_11315,1
CIT_15370,5
CIT_1564,5
CIT_5997,1
CIT_13648,3
CIT_12906,1
CIT_13602,4
CIT_5074,3
CIT_14329,3
CIT_11348,2
CIT_7200,4
CIT_9650,2
CIT_6403,5
CIT_14201,2
CIT_10962,4
CIT_4283,3
CIT_8073,5
CIT_0671,3
CIT_17085,2
CIT_9885,4
CIT_7977,5
CIT_11845,5
CIT_19454,2
CIT_3922,2
CIT_6893,2
CIT_5149,1
CIT_3910,5
CIT_14686,1
CIT_18033,1
CIT_0712,5
CIT_0964,1
CIT_3729,5
CIT_0416,5
CIT_3004,1
CIT_15572,5
CIT_3630,3
CIT_15034,2
CIT_4216,1
CIT_18624,2
CIT_6948,4
CIT_11505,4
CIT_14791,5
CIT_15171,4
CIT_19489,5
CIT_9596,2
CIT_16346,2
CIT_19544,5
CIT_9409,2
CIT_16919,3
CIT_6273,5
CIT_18700,4
CIT_11412,4
CIT_1937,2
CIT_7295,3
CIT_16245,4
CIT_5477,4
CIT_11450,3
CIT_19636,5
CIT_17594,2
CIT_2290,4
CIT_14100,2
CIT_10085,4
CIT_12286,5
CIT_4643,5
CIT_13305,5
CIT_19655,5
CIT_1916,1
CIT_12677,4
CIT_13378,4
CIT_8648,4
CIT_19406,1
CIT_6616,1
CIT_4838,1
CIT_4003,2
CIT_1090,2
CIT_5823,3
CIT_6466,1
CIT_4522,2
CIT_3348,1
CIT_2729,1
CIT_5403,1
CIT_6166,5
CIT_14214,2
CIT_18548,5
CIT_8169,2
CIT_2309,2
CIT_7501,3
CIT_7320,1
CIT_8328,2
CIT_18962,5
CIT_1548,5
CIT_17613,5
CIT_12360,5
CIT_8887,2
CIT_11760,3
CIT_18783,4
CIT_18019,5
CIT_2153,5
CIT_8673,1
CIT_13695,1
CIT_17279,1
CIT_5356,5
CIT_0230,5
CIT_8354,2
CIT_5053,5
CIT_8347,3
CIT_4498,1
CIT_4683,2
CIT_8605,2
CIT_11897,4
CIT_8417,3
CIT_1918,1
CIT_10150,1
CIT_8991,5
CIT_17748,1
CIT_13068,1
CIT_16943,4
CIT_10810,3
CIT_0594,5
CIT_19123,2
CIT_18793,5
CIT_11857,3
CIT_1498,5
CIT_12324,1
CIT_5762,4
CIT_10318,2
CIT_6961,3
CIT_6417,2
CIT_5902,5
CIT_15339,3
CIT_5057,2
CIT_19647,2
CIT_8294,1
CIT_6394,2
CIT_14851,3
CIT_18598,4
CIT_1748,2
CIT_8687,2
CIT_11974,5
CIT_10047,3
CIT_14917,1
CIT_17226,4
CIT_4585,3
CIT_6788,2
CIT_5161,3
CIT_17522,3
CIT_9720,5
CIT_0410,5
CIT_3774,5
CIT_9666,3
CIT_14780,3
CIT_13726,3
CIT_17966,5
CIT_12040,1
CIT_14596,1
CIT_6952,5
CIT_8467,1
CIT_9361,1
CIT_17283,4
CIT_18156,3
CIT_10529,1
CIT_16674,3
CIT_19656,5
CIT_5857,5
CIT_0281,4
CIT_0180,1
CIT_4866,1
CIT_2805,5
CIT_7722,4
CIT_4533,5
CIT_3132,5
CIT_3314,3
CIT_13111,1
CIT_5522,5
CIT_5321,2
CIT_17299,5
CIT_17880,5
CIT_5853,1
CIT_6757,1
CIT_9039,2
CIT_16449,3
CIT_3648,2
CIT_8418,5
CIT_18347,4
CIT_4401,3
CIT_13787,1
CIT_11463,4
CIT_17103,2
CIT_7093,1
CIT_12948,5
CIT_11467,2
CIT_5907,5
CIT_8487,3
CIT_13995,3
CIT_9341,5
CIT_18158,5
CIT_18811,2
CIT_17282,2
CIT_16408,3
CIT_12346,3
CIT_15755,3
CIT_13540,5
CIT_4845,2
CIT_7366,4
CIT_7899,2
CIT_5991,1
CIT_13751,1
CIT_1792,4
CIT_5612,1
CIT_11895,1
CIT_17589,1
CIT_4045,5
CIT_8025,4
CIT_9682,2
CIT_8660,2
CIT_2630,2
CIT_3061,1
CIT_12331,3
CIT_15617,4
CIT_16631,2
CIT_10675,1
CIT_17281,4
CIT_10863,4
CIT_13644,2
CIT_6420,5
CIT_18245,2
CIT_11722,5
CIT_18572,3
CIT_9075,4
CIT_9792,5
CIT_18484,5
CIT_8355,4
CIT_4430,1
CIT_0084,3
CIT_12477,4
CIT_2112,2
CIT_14510,4
CIT_18807,5
CIT_0152,5
CIT_8112,1
CIT_5308,3
CIT_6945,1
CIT_8925,2
CIT_7669,3
CIT_7272,1
CIT_8276,3
CIT_3753,1
CIT_19181,3
CIT_3113,2
CIT_10906,1
CIT_10026,5
CIT_10571,2
CIT_8770,2
CIT_15123,2
CIT_5192,1
CIT_0727,3
CIT_19311,4
CIT_19498,2
CIT_9202,5
CIT_12063,5
CIT_6761,4
CIT_10066,4
CIT_17387,3
CIT_18641,2
CIT_8659,5
CIT_4271,2
CIT_14160,2
CIT_18166,5
CIT_7117,1
CIT_2285,3
CIT_16966,3
CIT_2823,1
CIT_13070,4
CIT_9401,1
CIT_17783,3
CIT_19055,5
CIT_1647,3
CIT_2089,5
CIT_14989,1
CIT_16617,5
CIT_18850,2
CIT_5267,1
CIT_13319,2
CIT_8771,4
CIT_17708,2
CIT_3880,5
CIT_10786,4
CIT_5872,2
CIT_11975,4
CIT_1957,2
CIT_1582,4
CIT_11712,4
CIT_6169,5
CIT_9559,2
CIT_4987,3
CIT_5318,3
CIT_11201,5
CIT_12885,1
CIT_6834,5
CIT_16062,2
CIT_0610,2
CIT_5158,1
CIT_6329,1
CIT_9705,5
CIT_9027,3
CIT_11734,2
CIT_8869,1
CIT_1846,4
CIT_18500,4
CIT_9441,4
CIT_17142,3
CIT_7959,1
CIT_17941,5
CIT_8711,5
CIT_5989,3
CIT_9783,5
CIT_3788,2
CIT_5591,5
CIT_1153,1
CIT_2892,5
CIT_5855,1
CIT_13342,3
CIT_18882,2
CIT_3975,2
CIT_0705,1
CIT_9604,1
CIT_17796,1
CIT_12624,3
CIT_10858,1
CIT_7847,1
CIT_19378,2
CIT_5311,4
CIT_1381,2
CIT_9077,4
CIT_18065,3
CIT_1344,5
CIT_14117,3
CIT_15052,4
CIT_12343,3
CIT_10737,1
CIT_11780,2
CIT_7234,5
CIT_6250,5
CIT_0525,1
CIT_14588,1
CIT_13698,4
CIT_18129,1
CIT_4041,5
CIT_17307,4
CIT_13447,3
CIT_10827,5
CIT_0857,1
CIT_7524,1
CIT_3628,2
CIT_8048,3
CIT_7549,3
CIT_4228,5
CIT_3579,4
CIT_4735,5
CIT_4739,2
CIT_18123,2
CIT_5104,2
CIT_1320,4
CIT_4770,4
CIT_10077,4
CIT_11218,5
CIT_16515,3
CIT_17519,5
CIT_18996,4
CIT_14378,1
CIT_15686,3
CIT_0544,5
CIT_14107,3
CIT_7084,2
CIT_0392,4
CIT_6235,1
CIT_11828,2
CIT_9647,1
CIT_14880,3
CIT_4174,3
CIT_0973,3
CIT_10009,5
CIT_13415,3
CIT_14415,2
CIT_10765,3
CIT_11710,5
CIT_17956,4
CIT_0542,2
CIT_12951,2
CIT_17415,5
CIT_0341,1
CIT_1480,4
CIT_9014,5
CIT_9704,3
CIT_7979,4
CIT_10118,4
CIT_17621,3
CIT_18803,5
CIT_3678,4
CIT_1370,5
CIT_5438,1
CIT_17923,5
CIT_18112,3
CIT_9836,5
CIT_10942,5
CIT_5752,4
CIT_2741,3
CIT_18526,2
CIT_16849,5
CIT_3297,4
CIT_15372,2
CIT_9288,4
CIT_12561,5
CIT_12208,5
CIT_1290,5
CIT_11493,3
CIT_12233,5
CIT_7457,4
CIT_13775,1
CIT_17147,1
CIT_18474,1
CIT_0890,1
CIT_16149,3
CIT_14574,5
CIT_0481,5
CIT_5689,3
CIT_7445,5
CIT_9784,2
CIT_0730,2
CIT_8620,5
CIT_14484,1
CIT_7265,5
CIT_18900,5
CIT_13789,3
CIT_4850,1
CIT_0745,5
CIT_10555,3
CIT_6601,1
CIT_7427,1
CIT_14717,1
CIT_15799,2
CIT_0015,3
CIT_2909,4
CIT_13681,3
CIT_0790,3
CIT_6863,3
CIT_1323,2
CIT_0339,2
CIT_7048,3
CIT_9839,5
CIT_15591,4
CIT_4727,2
CIT_10231,1
CIT_1373,1
CIT_7473,5
CIT_7796,5
CIT_1966,3
CIT_3141,2
CIT_3386,3
CIT_7547,3
CIT_1469,4
CIT_16060,2
CIT_8245,3
CIT_3385,5
CIT_18182,2
CIT_10864,1
CIT_9080,1
CIT_3716,5
CIT_15552,1
CIT_14864,5
CIT_11512,1
CIT_12301,2
CIT_7743,3
CIT_14935,4
CIT_11694,5
CIT_4700,5
CIT_7315,5
CIT_7667,3
CIT_12915,1
CIT_16224,3
CIT_0361,4
CIT_15185,3
CIT_13828,3
CIT_5826,2
CIT_11485,3
CIT_0721,2
CIT_11781,4
CIT_2894,3
CIT_19194,5
CIT_14036,5
CIT_4128,2
CIT_7189,4
CIT_2049,1
CIT_9528,4
CIT_0598,1
CIT_8311,2
CIT_1563,4
CIT_0583,4
CIT_0614,4
CIT_18020,4
CIT_10560,2
CIT_0729,3
CIT_15080,2
CIT_3308,5
CIT_6124,4
CIT_9930,1
CIT_10792,4
CIT_6114,5
CIT_11893,5
CIT_1664,2
CIT_9380,4
CIT_19678,4
CIT_17221,5
CIT_10247,5
CIT_6332,1
CIT_9714,5
CIT_8372,4
CIT_13112,1
CIT_6103,2
CIT_2301,4
CIT_13685,3
CIT_16355,5
CIT_16412,2
CIT_12619,4
CIT_12845,3
CIT_0205,4
CIT_9038,1
CIT_13894,3
CIT_11372,5
CIT_0391,5
CIT_18139,2
CIT_16961,3
CIT_5073,5
CIT_19345,4
CIT_15098,1
CIT_12431,2
CIT_13546,4
CIT_7199,2
CIT_6608,3
CIT_12381,2
CIT_2580,5
CIT_15359,2
CIT_11604,3
CIT_18890,5
CIT_10479,4
CIT_12259,1
CIT_9624,4
CIT_6854,3
CIT_6833,2
CIT_16101,1
CIT_6895,2
CIT_1000,3
CIT_15047,2
CIT_3666,2
CIT_17658,5
CIT_1963,3
CIT_1292,1
CIT_11768,5
CIT_6447,2
CIT_17189,5
CIT_0485,4
CIT_15465,3
CIT_18907,2
CIT_5887,5
CIT_14979,2
CIT_15950,2
CIT_4968,4
CIT_12601,3
CIT_5770,3
CIT_9990,5
CIT_10430,2
CIT_12285,3
CIT_12165,3
CIT_10049,3
CIT_10852,4
CIT_5641,2
CIT_11222,2
CIT_17331,1
CIT_14652,5
CIT_7296,3
CIT_8105,1
CIT_3352,3
CIT_13767,2
CIT_18377,2
CIT_8527,5
CIT_7114,2
CIT_6151,4
CIT_4642,2
CIT_11022,1
CIT_13243,4
CIT_19214,4
CIT_0353,5
CIT_18696,2
CIT_17586,4
CIT_1375,2
CIT_14471,2
CIT_18823,5
CIT_3312,3
CIT_7767,4
CIT_17213,2
CIT_7497,5
CIT_10544,4
CIT_13757,3
CIT_9251,5
CIT_10896,1
CIT_7903,3
CIT_8238,2
CIT_7099,5
CIT_0816,5
CIT_5238,4
CIT_18183,3
CIT_18760,5
CIT_18356,4
CIT_18034,1
CIT_11925,3
CIT_0100,1
CIT_6789,2
CIT_15925,5
CIT_15875,2
CIT_0263,5
CIT_1451,3
CIT_0984,4
CIT_10807,1
CIT_13101,5
CIT_1588,4
CIT_11696,5
CIT_3763,2
CIT_17236,2
CIT_3813,2
CIT_10518,5
CIT_1495,5
CIT_10945,3
CIT_14339,2
CIT_17359,2
CIT_12740,3
CIT_4865,5
CIT_7393,2
CIT_2317,1
CIT_19371,3
CIT_1917,4
CIT_8265,1
CIT_14416,3
CIT_16539,2
CIT_15176,1
CIT_5646,4
CIT_7532,4
CIT_1293,2
CIT_13056,3
CIT_6717,4
CIT_16953,4
CIT_16789,3
CIT_9907,1
CIT_14659,1
CIT_0424,4
CIT_3191,2
CIT_16985,5
CIT_17455,5
CIT_0398,4
CIT_8131,5
CIT_14091,3
CIT_11078,3
CIT_9541,2
CIT_18432,2
CIT_1241,1
CIT_3701,1
CIT_3690,5
CIT_19103,4
CIT_8893,1
CIT_19224,2
CIT_14726,4
CIT_2962,1
CIT_19130,4
CIT_2017,3
CIT_6185,5
CIT_18946,2
CIT_3012,4
CIT_4226,3
CIT_13530,4
CIT_1988,2
CIT_8788,4
CIT_2588,2
CIT_14087,5
CIT_13608,1
CIT_11985,5
CIT_4673,1
CIT_18899,5
CIT_7779,3
CIT_15984,1
CIT_17515,4
CIT_19632,2
CIT_13601,3
CIT_3584,5
CIT_7563,1
CIT_1633,4
CIT_15696,5
CIT_16495,2
CIT_15153,5
CIT_9024,3
CIT_7417,5
CIT_0543,2
CIT_13234,4
CIT_13014,1
CIT_16327,5
CIT_8951,2
CIT_7421,3
CIT_8462,5
CIT_6685,2
CIT_3258,2
CIT_13742,4
CIT_11000,4
CIT_14072,4
CIT_7344,4
CIT_8868,3
CIT_19598,1
CIT_1671,2
CIT_6054,1
CIT_1555,3
CIT_14706,3
CIT_0381,1
CIT_11098,2
CIT_19197,5
CIT_14420,1
CIT_0197,4
CIT_7568,1
CIT_14988,3
CIT_3826,1
CIT_4589,1
CIT_18787,1
CIT_5050,4
CIT_16246,5
CIT_16528,2
CIT_8926,1
CIT_5499,2
CIT_9855,1
CIT_2923,3
CIT_2585,5
CIT_6797,4
CIT_9577,4
CIT_14999,3
CIT_15645,2
CIT_7611,3
CIT_2719,5
CIT_1938,5
CIT_11344,2
CIT_17287,3
CIT_18181,3
CIT_19447,5
CIT_8507,2
CIT_18465,4
CIT_15998,2
CIT_10386,4
CIT_8440,5
CIT_17250,4
CIT_3728,2
CIT_15006,4
CIT_14646,3
CIT_3289,5
CIT_15172,5
CIT_10162,3
CIT_0464,5
CIT_5643,4
CIT_1894,1
CIT_1933,1
CIT_18673,4
CIT_5998,1
CIT_11482,2
CIT_0814,5
CIT_3214,3
CIT_14504,5
CIT_11652,5
CIT_1439,3
CIT_13181,4
CIT_12980,1
CIT_2176,4
CIT_5844,5
CIT_0268,2
CIT_4538,5
CIT_8049,1
CIT_14602,4
CIT_9191,3
CIT_5957,5
CIT_19072,2
CIT_10671,2
CIT_1499,1
CIT_13694,3
CIT_19418,4
CIT_17754,2
CIT_13725,1
CIT_19400,4
CIT_6950,3
CIT_17257,2
CIT_16293,3
CIT_14428,2
CIT_18291,4
CIT_13758,1
CIT_16315,4
CIT_6582,5
CIT_12347,1
CIT_11811,2
CIT_9732,2
CIT_17077,2
CIT_2200,3
CIT_16752,2
CIT_0923,1
CIT_7147,1
CIT_19187,3
CIT_10815,5
CIT_2348,2
CIT_9763,1
CIT_13299,1
CIT_18452,5
CIT_18478,1
CIT_2195,2
CIT_2420,1
CIT_9931,5
CIT_1719,5
CIT_10504,3
CIT_11212,4
CIT_0463,1
CIT_0795,4
CIT_2489,2
CIT_2344,3
CIT_4391,3
CIT_7356,3
CIT_1417,3
CIT_13170,5
CIT_19249,5
CIT_10484,2
CIT_11047,5
CIT_0620,1
CIT_17903,4
CIT_0279,2
CIT_17501,2
CIT_13980,2
CIT_8212,4
CIT_12814,2
CIT_12510,5
CIT_18073,5
CIT_6500,3
CIT_9512,4
CIT_4109,4
CIT_8846,1
CIT_12973,2
CIT_8746,4
CIT_19519,4
CIT_18739,2
CIT_18697,3
CIT_7790,1
CIT_7537,1
CIT_10428,3
CIT_14883,4
CIT_10169,5
CIT_10323,5
CIT_3636,2
CIT_1106,2
CIT_1655,2
CIT_0749,2
CIT_9308,2
CIT_11117,4
CIT_6842,4
CIT_6548,5
CIT_5716,3
CIT_12978,5
CIT_1235,3
CIT_9171,2
CIT_6699,2
CIT_10275,1
CIT_2518,3
CIT_17267,3
CIT_10951,1
CIT_7827,4
CIT_8981,2
CIT_4483,4
CIT_2956,4
CIT_13069,4
CIT_17049,1
CIT_10030,1
CIT_7004,2
CIT_19574,1
CIT_4179,1
CIT_15865,1
CIT_10929,2
CIT_8228,3
CIT_18841,4
CIT_0778,1
CIT_14761,3
CIT_10138,2
CIT_8765,5
CIT_10125,1
CIT_13145,5
CIT_1458,4
CIT_9749,4
CIT_2717,4
CIT_3029,1
CIT_6430,1
CIT_12472,2
CIT_7920,1
CIT_1329,1
CIT_15629,5
CIT_5836,3
CIT_16574,1
CIT_12023,1
CIT_15439,3
CIT_10338,4
CIT_16076,5
CIT_14372,2
CIT_16808,3
CIT_17855,2
CIT_13429,5
CIT_5250,1
CIT_19141,2
CIT_3153,1
CIT_4882,4
CIT_3210,2
CIT_9129,3
CIT_4704,1
CIT_15242,4
CIT_9962,5
CIT_14217,5
CIT_0069,1
CIT_13875,1
CIT_3041,2
CIT_9193,1
CIT_9804,5
CIT_19301,3
CIT_9840,4
CIT_18120,3
CIT_12363,3
CIT_5545,5
CIT_13441,3
CIT_9254,4
CIT_0370,2
CIT_15333,3
CIT_16513,4
CIT_5562,5
CIT_7064,1
CIT_17211,5
CIT_6851,1
CIT_8318,4
CIT_15635,2
CIT_5287,5
CIT_8813,5
CIT_11219,3
CIT_15223,1
CIT_7110,5
CIT_3010,4
CIT_7576,2
CIT_5045,3
CIT_3242,1
CIT_4471,5
CIT_15943,5
CIT_11057,5
CIT_8315,3
CIT_4561,2
CIT_1674,4
CIT_0224,4
CIT_18355,2
CIT_15031,4
CIT_1143,2
CIT_9373,5
CIT_7940,2
CIT_18147,1
CIT_8429,4
CIT_14451,2
CIT_4350,2
CIT_13788,1
CIT_9722,5
CIT_18002,5
CIT_16251,5
CIT_18567,5
CIT_8852,3
CIT_5214,3
CIT_5020,2
CIT_2069,4
CIT_4363,4
CIT_7465,3
CIT_15106,1
CIT_7401,5
CIT_1595,3
CIT_3311,2
CIT_4142,3
CIT_0967,5
CIT_2765,5
CIT_0163,3
CIT_10071,1
CIT_18569,5
CIT_13064,1
CIT_0376,3
CIT_10336,3
CIT_5979,3
CIT_15747,2
CIT_9050,4
CIT_11549,5
CIT_14811,3
CIT_19240,5
CIT_1119,1
CIT_13051,1
CIT_8400,5
CIT_18173,1
CIT_7019,4
CIT_13115,1
CIT_7831,5
CIT_2362,3
CIT_13468,5
CIT_12368,1
CIT_14280,3
CIT_9487,5
CIT_12781,2
CIT_12813,3
CIT_18371,3
CIT_16915,5
CIT_4485,2
CIT_4749,1
CIT_8549,2
CIT_10803,5
CIT_1259,4
CIT_9683,2
CIT_8436,3
CIT_0317,1
CIT_12405,2
CIT_10652,3
CIT_8615,2
CIT_16894,3
CIT_1093,2
CIT_17033,1
CIT_19403,3
CIT_2323,3
CIT_1355,3
CIT_16661,5
CIT_3578,5
CIT_9638,3
CIT_12537,4
CIT_1108,1
CIT_18345,4
CIT_0294,2
CIT_8378,2
CIT_13341,2
CIT_19413,2
CIT_2100,3
CIT_16127,2
CIT_14644,1
CIT_3756,1
CIT_19437,5
CIT_13192,4
CIT_5849,1
CIT_7034,3
CIT_4559,2
CIT_0955,3
CIT_2364,1
CIT_19551,2
CIT_17512,2
CIT_5630,5
CIT_11958,3
CIT_15521,1
CIT_11838,1
CIT_7112,1
CIT_10171,4
CIT_3070,1
CIT_17707,3
CIT_11704,5
CIT_8949,5
CIT_11308,4
CIT_7966,3
CIT_6752,1
CIT_10451,3
CIT_5371,2
CIT_16283,4
CIT_8055,5
CIT_8698,2
CIT_16147,5
CIT_12828,3
CIT_1668,5
CIT_3911,1
CIT_19402,2
CIT_14016,4
CIT_4818,1
CIT_7573,2
CIT_12720,2
CIT_3039,5
CIT_3353,2
CIT_1363,1
CIT_9560,4
CIT_16247,2
CIT_4975,1
CIT_7269,1
CIT_12222,1
CIT_5206,2
CIT_14029,4
CIT_11275,3
CIT_11411,3
CIT_14557,4
CIT_19405,3
CIT_7828,2
CIT_6423,3
CIT_16493,3
CIT_10800,3
CIT_2306,5
CIT_6772,1
CIT_0172,3
CIT_4647,2
CIT_2569,1
CIT_3970,5
CIT_1175,3
CIT_5779,3
CIT_5327,2
CIT_15468,5
CIT_19015,3
CIT_11495,2
CIT_19132,1
CIT_3791,5
CIT_1154,2
CIT_14820,1
CIT_8246,2
CIT_10129,3
CIT_11772,3
CIT_3232,1
CIT_17736,3
CIT_17341,4
CIT_4266,2
CIT_13923,4
CIT_13092,3
CIT_0137,1
CIT_9843,2
CIT_5816,3
CIT_2401,3
CIT_8689,1
CIT_14277,1
CIT_7260,2
CIT_15319,4
CIT_6672,2
CIT_5740,4
CIT_7877,2
CIT_10065,1
CIT_14802,5
CIT_2960,2
CIT_14987,2
CIT_1571,5
CIT_6971,2
CIT_0710,5
CIT_19530,2
CIT_2221,4
CIT_16745,2
CIT_1343,1
CIT_10274,4
CIT_10903,2
CIT_10854,4
CIT_14520,5
CIT_5483,2
CIT_11342,2
CIT_6577,3
CIT_10501,4
CIT_7672,5
CIT_16326,1
CIT_12787,1
CIT_8933,1
CIT_15051,5
CIT_3176,5
CIT_8505,2
CIT_13114,1
CIT_6435,3
CIT_9434,1
CIT_0636,1
CIT_14265,4
CIT_11096,2
CIT_7221,4
CIT_19444,2
CIT_14804,1
CIT_13109,3
CIT_2048,5
CIT_2026,3
CIT_10180,2
CIT_10704,1
CIT_15842,3
CIT_6254,2
CIT_12555,1
CIT_11846,3
CIT_6758,5
CIT_15289,3
CIT_15214,5
CIT_13098,5
CIT_1486,3
CIT_16518,4
CIT_8653,3
CIT_6181,2
CIT_7612,2
CIT_14407,1
CIT_15939,3
CIT_6617,1
CIT_10532,2
CIT_1063,5
CIT_14900,3
CIT_10134,1
CIT_8198,2
CIT_0732,4
CIT_3928,1
CIT_19038,2
CIT_2849,2
CIT_4230,2
CIT_19002,2
CIT_7721,5
CIT_10924,4
CIT_14888,1
CIT_0841,1
CIT_15101,4
CIT_1665,1
CIT_14808,4
CIT_7610,4
CIT_13147,3
CIT_13430,4
CIT_14794,2
CIT_0785,3
CIT_4528,2
CIT_7590,4
CIT_7924,3
CIT_4799,1
CIT_6693,4
CIT_14806,3
CIT_10121,1
CIT_0640,2
CIT_19576,2
CIT_12718,5
CIT_11026,5
CIT_18099,4
CIT_2996,3
CIT_1427,1
CIT_3184,4
CIT_7334,4
CIT_14518,5
CIT_15654,2
CIT_4957,2
CIT_16216,4
CIT_13437,3
CIT_4698,3
CIT_18084,2
CIT_16025,4
CIT_18054,5
CIT_9160,4
CIT_9182,4
CIT_1067,2
CIT_16116,3
CIT_19034,1
CIT_2873,4
CIT_12064,5
CIT_0629,3
CIT_14321,3
CIT_6720,5
CIT_1954,3
CIT_9331,1
CIT_2874,1
CIT_7125,5
CIT_3225,2
CIT_7446,4
CIT_18690,1
CIT_17303,2
CIT_18792,5
CIT_9889,5
CIT_17105,5
CIT_2080,3
CIT_14665,1
CIT_8264,3
CIT_15404,3
CIT_8275,4
CIT_14483,1
CIT_10363,4
CIT_11322,2
CIT_7326,5
CIT_8630,3
CIT_16367,3
CIT_6784,2
CIT_12704,5
CIT_1791,1
CIT_0449,2
CIT_13740,4
CIT_6270,3
CIT_6360,3
CIT_5375,5
CIT_11927,4
CIT_19612,1
CIT_10776,4
CIT_7674,3
CIT_11062,3
CIT_8724,5
CIT_14954,5
CIT_4336,2
CIT_5737,3
CIT_5369,5
CIT_6283,2
CIT_11816,5
CIT_12737,3
CIT_6217,4
CIT_9044,3
CIT_8849,4
CIT_18089,1
CIT_14711,1
CIT_13001,3
CIT_2099,5
CIT_17756,4
CIT_18976,5
CIT_3979,1
CIT_3057,2
CIT_13244,5
CIT_6832,2
CIT_0330,1
CIT_17955,4
CIT_1455,4
CIT_13983,5
CIT_4082,4
CIT_0285,2
CIT_5022,3
CIT_12649,5
CIT_14757,3
CIT_17284,5
CIT_0255,5
CIT_17265,3
CIT_19262,5
CIT_17124,2
CIT_10923,2
CIT_12300,3
CIT_9493,1
CIT_13355,5
CIT_9021,2
CIT_0226,2
CIT_13348,1
CIT_6013,2
CIT_11649,3
CIT_19601,2
CIT_2611,4
CIT_16932,2
CIT_12438,1
CIT_3183,5
CIT_8352,1
CIT_19126,3
CIT_5259,5
CIT_5797,2
CIT_3743,3
CIT_2095,2
CIT_2060,1
CIT_16993,4
CIT_1226,5
CIT_7774,2
CIT_16697,2
CIT_11481,3
CIT_4546,3
CIT_4335,4
CIT_4040,4
CIT_14413,4
CIT_7211,1
CIT_14817,1
CIT_16533,1
CIT_10165,1
CIT_0874,2
CIT_9984,2
CIT_15820,5
CIT_7855,3
CIT_16067,4
CIT_18780,5
CIT_16380,2
CIT_2797,1
CIT_18370,2
CIT_2024,1
CIT_19176,1
CIT_8761,4
CIT_7090,1
CIT_9346,1
CIT_10901,5
CIT_7803,4
CIT_1713,1
CIT_12912,2
CIT_10992,4
CIT_1691,2
CIT_19332,3
CIT_9706,4
CIT_14546,4
CIT_2959,5
CIT_1021,2
CIT_8903,1
CIT_19654,3
CIT_16212,4
CIT_3530,2
CIT_10094,1
CIT_13448,1
CIT_17632,2
CIT_16222,5
CIT_15900,5
CIT_10990,3
CIT_11701,3
CIT_6168,2
CIT_14614,1
CIT_16929,2
CIT_7937,3
CIT_14207,2
CIT_10642,2
CIT_7695,1
CIT_12570,5
CIT_1969,4
CIT_11418,3
CIT_3493,5
CIT_5459,3
CIT_14991,4
CIT_4564,1
CIT_19058,3
CIT_13872,1
CIT_7113,1
CIT_13223,3
CIT_14314,5
CIT_14692,5
CIT_14612,5
CIT_9854,2
CIT_5278,2
CIT_0703,2
CIT_10314,4
CIT_10948,5
CIT_16920,5
CIT_4525,5
CIT_8387,3
CIT_18952,5
CIT_7494,4
CIT_15718,2
CIT_15491,4
CIT_3491,4
CIT_9278,4
CIT_9842,3
CIT_2641,4
CIT_16016,3
CIT_14593,2
CIT_1112,4
CIT_4099,2
CIT_1772,5
CIT_8730,5
CIT_15376,4
CIT_15011,3
CIT_4151,5
CIT_14853,5
CIT_7428,5
CIT_6516,2
CIT_17223,3
CIT_12838,2
CIT_1159,3
CIT_9856,4
CIT_11994,5
CIT_6762,5
CIT_16978,5
CIT_17416,3
CIT_18896,2
CIT_10122,1
CIT_3923,5
CIT_10409,1
CIT_2495,4
CIT_2527,3
CIT_16959,3
CIT_7760,2
CIT_9645,4
CIT_8697,5
CIT_10099,5
CIT_8748,1
CIT_14834,5
CIT_15460,3
CIT_0643,5
CIT_9684,3
CIT_15471,2
CIT_15518,4
CIT_17332,2
CIT_15316,3
CIT_15038,5
CIT_14641,3
CIT_15972,3
CIT_13149,2
CIT_3193,5
CIT_5575,5
CIT_2171,3
CIT_16415,4
CIT_1222,2
CIT_14826,2
CIT_13431,5
CIT_13997,2
CIT_8313,1
CIT_7024,4
CIT_10857,2
CIT_9822,1
CIT_1213,2
CIT_19368,5
CIT_14960,4
CIT_9461,2
CIT_18196,3
CIT_1332,3
CIT_16031,5
CIT_18203,4
CIT_9422,5
CIT_5301,3
CIT_2215,5
CIT_2862,1
CIT_1173,1
CIT_10658,5
CIT_4641,2
CIT_11081,4
CIT_9228,5
CIT_10551,3
CIT_17409,3
CIT_18437,4
CIT_2165,2
CIT_13568,5
CIT_0064,2
CIT_10217,4
CIT_7277,3
CIT_19185,2
CIT_6889,2
CIT_9200,2
CIT_0459,3
CIT_11014,3
CIT_18198,5
CIT_18016,4
CIT_4919,2
CIT_6640,5
CIT_7789,5
CIT_18969,3
CIT_8319,1
CIT_14102,1
CIT_4234,2
CIT_2652,2
CIT_13375,4
CIT_13930,5
CIT_18417,2
CIT_9579,2
CIT_6804,4
CIT_7987,2
CIT_7407,4
CIT_9617,4
CIT_0527,1
CIT_1216,1
CIT_14867,3
CIT_1807,4
CIT_6641,4
CIT_10209,2
CIT_5007,1
CIT_6255,2
CIT_16418,1
CIT_10178,5
CIT_9429,5
CIT_19487,5
CIT_17528,2
CIT_3859,3
CIT_1199,3
CIT_6061,3
CIT_18046,3
CIT_17192,3
CIT_15751,3
CIT_19496,1
CIT_7912,5
CIT_5142,5
CIT_0378,4
CIT_13038,3
CIT_0047,5
CIT_8718,3
CIT_3482,5
CIT_1728,5
CIT_19412,2
CIT_3417,1
CIT_11914,2
CIT_18289,3
CIT_17742,1
CIT_9145,3
CIT_10866,5
CIT_13389,3
CIT_16638,4
CIT_3196,3
CIT_9877,3
CIT_3000,3
CIT_11683,1
CIT_0369,3
CIT_6460,4
CIT_0786,4
CIT_0018,1
CIT_14365,1
CIT_13883,2
CIT_11972,5
CIT_5640,3
CIT_4215,1
CIT_11157,3
CIT_14798,3
CIT_13925,1
CIT_6841,2
CIT_18326,1
CIT_16115,3
CIT_11378,2
CIT_13058,5
CIT_9956,4
CIT_8468,1
CIT_15299,2
CIT_1692,1
CIT_18306,4
CIT_8323,3
CIT_2764,4
CIT_4173,4
CIT_2074,2
CIT_16442,3
CIT_16683,2
CIT_14476,4
CIT_0701,3
CIT_19041,5
CIT_8775,3
CIT_0517,2
CIT_7890,5
CIT_12870,4
CIT_11833,3
CIT_19121,3
CIT_3708,4
CIT_6428,2
CIT_17577,5
CIT_14831,3
CIT_0560,5
CIT_17432,5
CIT_12344,3
CIT_8489,3
CIT_0031,2
CIT_7768,3
CIT_5723,3
CIT_9562,2
CIT_11901,1
CIT_2916,4
CIT_14355,1
CIT_13615,1
CIT_6243,3
CIT_7268,1
CIT_13474,4
CIT_18379,5
CIT_9006,3
CIT_17918,3
CIT_18333,1
CIT_8086,3
CIT_10439,2
CIT_13877,5
CIT_1244,1
CIT_2183,1
CIT_18170,4
CIT_16796,5
CIT_5394,1
CIT_4783,5
CIT_11599,1
CIT_9335,5
CIT_11581,3
CIT_7153,3
CIT_9810,4
CIT_13971,5
CIT_15361,1
CIT_3075,2
CIT_13029,3
CIT_8161,5
CIT_17093,5
CIT_1474,5
CIT_5680,3
CIT_9086,5
CIT_10405,5
CIT_12142,1
CIT_10280,1
CIT_11061,4
CIT_12886,2
CIT_9844,2
CIT_7593,3
CIT_8842,5
CIT_2147,5
CIT_17413,3
CIT_12143,2
CIT_12244,1
CIT_6501,2
CIT_15817,3
CIT_4171,2
CIT_1638,2
CIT_9834,2
CIT_15164,5
CIT_2415,5
CIT_13350,5
CIT_2063,4
CIT_8927,5
CIT_4371,1
CIT_11009,1
CIT_1111,3
CIT_0512,2
CIT_15145,2
CIT_10476,1
CIT_18131,5
CIT_10531,3
CIT_1488,3
CIT_7471,2
CIT_4316,4
CIT_1641,2
CIT_3652,5
CIT_5347,1
CIT_2407,4
CIT_13451,1
CIT_7087,3
CIT_7906,3
CIT_16948,2
CIT_7776,1
CIT_0764,4
CIT_2386,4
CIT_7433,3
CIT_4175,1
CIT_1989,4
CIT_18308,5
CIT_9499,2
CIT_2005,1
CIT_17564,4
CIT_4351,5
CIT_18623,3
CIT_5254,3
CIT_8222,4
CIT_13797,2
CIT_5674,1
CIT_16743,2
CIT_16937,5
CIT_11961,4
CIT_11736,2
CIT_10678,2
CIT_14950,5
CIT_12858,2
CIT_9692,3
CIT_10073,3
CIT_14561,4
CIT_3679,5
CIT_12765,3
CIT_15528,1
CIT_8776,2
CIT_11870,4
CIT_3977,5
CIT_18556,5
CIT_14067,1
CIT_11645,1
CIT_5526,2
CIT_17717,5
CIT_9454,5
CIT_4455,1
CIT_7830,4
CIT_4560,2
CIT_0223,4
CIT_10190,2
CIT_17238,5
CIT_12940,2
CIT_13131,3
CIT_18894,4
CIT_12054,1
CIT_5613,3
CIT_11506,2
CIT_13622,1
CIT_0217,2
CIT_17610,3
CIT_14812,4
CIT_10432,5
CIT_2884,2
CIT_5129,4
CIT_13422,4
CIT_8780,2
CIT_11256,3
CIT_8475,5
CIT_12645,1
CIT_12968,5
CIT_13498,3
CIT_13371,4
CIT_7614,5
CIT_8164,2
CIT_6353,2
CIT_6783,2
CIT_15180,3
CIT_19457,5
CIT_2361,4
CIT_0926,1
CIT_17645,2
CIT_2952,3
CIT_5655,2
CIT_16569,5
CIT_14055,5
CIT_15664,3
CIT_19048,1
CIT_5718,5
CIT_5799,1
CIT_9201,1
CIT_4422,3
CIT_4822,3
CIT_7759,4
CIT_6989,3
CIT_8432,5
CIT_19648,4
CIT_7108,3
CIT_4092,2
CIT_9311,3
CIT_7982,1
CIT_14193,3
CIT_9534,3
CIT_14404,5
CIT_3855,3
CIT_15021,2
CIT_5458,2
CIT_11873,5
CIT_0494,4
CIT_14053,3
CIT_14918,1
CIT_19082,5
CIT_15183,3
CIT_11300,4
CIT_7148,2
CIT_13117,1
CIT_19515,5
CIT_3267,2
CIT_15641,5
CIT_10278,5
CIT_4897,2
CIT_13286,5
CIT_9900,5
CIT_15565,3
CIT_4543,1
CIT_12579,3
CIT_10130,2
CIT_5747,5
CIT_6311,1
CIT_10912,5
CIT_12243,4
CIT_3368,2
CIT_14453,4
CIT_7151,2
CIT_19340,2
CIT_15310,3
CIT_14878,1
CIT_18999,1
CIT_12160,5
CIT_15660,2
CIT_12584,2
CIT_7698,3
CIT_14071,1
CIT_9969,2
CIT_4789,3
CIT_18591,1
CIT_11447,3
CIT_3873,2
CIT_12647,3
CIT_16450,2
CIT_0196,4
CIT_8096,1
CIT_17151,3
CIT_12348,4
CIT_0526,2
CIT_13549,2
CIT_6881,5
CIT_0726,2
CIT_2581,2
CIT_7245,4
CIT_1345,4
CIT_11894,2
CIT_7394,5
CIT_5233,3
CIT_2544,4
CIT_8666,5
CIT_1357,1
CIT_6348,3
CIT_0666,5
CIT_8408,1
CIT_6910,5
CIT_1541,1
CIT_16997,5
CIT_4443,4
CIT_5103,4
CIT_4285,4
CIT_0315,3
CIT_0952,5
CIT_10119,3
CIT_3106,5
CIT_4161,1
CIT_3487,4
CIT_7453,5
CIT_0423,5
CIT_9971,3
CIT_0439,3
CIT_10593,2
CIT_10574,1
CIT_15674,3
CIT_8405,1
CIT_11934,5
CIT_1092,3
CIT_4280,1
CIT_1262,2
CIT_2443,1
CIT_4241,2
CIT_15064,5
CIT_7236,4
CIT_18105,4
CIT_17010,2
CIT_2178,5
CIT_14678,4
CIT_14746,2
CIT_15982,1
CIT_14770,3
CIT_10845,5
CIT_13955,2
CIT_6073,2
CIT_18534,4
CIT_2891,2
CIT_7041,5
CIT_12092,3
CIT_17414,4
CIT_15111,2
CIT_10024,1
CIT_7391,5
CIT_0192,1
CIT_2659,2
CIT_12129,4
CIT_6399,1
CIT_1168,1
CIT_17609,2
CIT_9137,5
CIT_4824,2
CIT_4617,3
CIT_2365,3
CIT_16956,1
CIT_14089,3
CIT_12379,5
CIT_2274,2
CIT_12194,3
CIT_19291,5
CIT_9168,1
CIT_13133,5
CIT_10816,4
CIT_19279,5
CIT_9114,1
CIT_3546,3
CIT_1101,3
CIT_6407,5
CIT_19092,5
CIT_16013,1
CIT_8905,4
CIT_15458,5
CIT_15639,2
CIT_5167,5
CIT_2742,5
CIT_6065,3
CIT_7787,2
CIT_6109,2
CIT_9540,2
CIT_17476,1
CIT_9438,2
CIT_16241,4
CIT_16499,3
CIT_4944,1
CIT_11951,1
CIT_19485,5
CIT_4150,1
CIT_9882,2
CIT_18022,1
CIT_6572,1
CIT_4338,3
CIT_14902,3
CIT_16516,4
CIT_5345,5
CIT_5879,3
CIT_3536,1
CIT_14542,1
CIT_15374,2
CIT_0910,4
CIT_15681,2
CIT_9034,2
CIT_6830,5
CIT_2822,1
CIT_16949,2
CIT_17964,3
CIT_9766,4
CIT_16023,5
CIT_0939,2
CIT_9124,3
CIT_12192,1
CIT_3260,2
CIT_9925,3
CIT_5044,3
CIT_15741,5
CIT_7222,5
CIT_16319,1
CIT_1263,2
CIT_13699,2
CIT_3202,5
CIT_10470,2
CIT_2197,2
CIT_5700,1
CIT_10619,5
CIT_18268,5
CIT_13880,4
CIT_18040,4
CIT_17081,2
CIT_1347,4
CIT_18515,1
CIT_17711,5
CIT_6416,5
CIT_10259,1
CIT_10442,5
CIT_8511,5
CIT_11074,2
CIT_14001,2
CIT_12563,1
CIT_14696,5
CIT_1398,2
CIT_3554,1
CIT_5793,5
CIT_15773,5
CIT_4566,2
CIT_8716,3
CIT_1353,3
CIT_5302,5
CIT_9888,5
CIT_7337,5
CIT_10497,1
CIT_14435,1
CIT_7382,5
CIT_19585,4
CIT_18834,2
CIT_1479,1
CIT_11180,3
CIT_14640,5
CIT_12512,2
CIT_19304,2
CIT_13079,3
CIT_12766,2
CIT_17423,1
CIT_8654,1
CIT_0639,4
CIT_14439,5
CIT_1060,1
CIT_5754,5
CIT_9245,2
CIT_7331,4
CIT_5821,4
CIT_7616,1
CIT_10848,2
CIT_16642,1
CIT_3425,5
CIT_16865,4
CIT_9729,5
CIT_16392,4
CIT_0637,2
CIT_10179,4
CIT_19263,5
CIT_15061,2
CIT_9903,3
CIT_18910,5
CIT_15329,5
CIT_11045,4
CIT_3379,2
CIT_4451,5
CIT_19045,4
CIT_0709,5
CIT_13560,3
CIT_17037,5
CIT_15756,4
CIT_17822,4
CIT_5382,2
CIT_16167,2
CIT_19615,5
CIT_15652,1
CIT_14445,3
CIT_12221,5
CIT_15560,3
CIT_11132,2
CIT_12854,1
CIT_10160,1
CIT_10976,1
CIT_2190,2
CIT_14447,2
CIT_8803,1
CIT_2733,3
CIT_15628,4
CIT_3864,1
CIT_5652,3
CIT_14259,2
CIT_12487,3
CIT_5219,3
CIT_10662,5
CIT_2346,2
CIT_5188,3
CIT_16763,1
CIT_13499,2
CIT_11548,4
CIT_14168,1
CIT_14316,3
CIT_18842,4
CIT_8658,5
CIT_0060,2
CIT_3330,1
CIT_17794,3
CIT_19102,4
CIT_7056,5
CIT_4556,3
CIT_4163,1
CIT_10813,5
CIT_17115,5
CIT_4379,2
CIT_8796,3
CIT_18401,2
CIT_19388,4
CIT_18659,4
CIT_14397,3
CIT_8183,3
CIT_1818,5
CIT_6230,1
CIT_13503,1
CIT_1802,2
CIT_12529,1
CIT_18791,3
CIT_12955,4
CIT_12900,2
CIT_0924,4
CIT_1238,2
CIT_5942,3
CIT_11775,3
CIT_10693,5
CIT_10837,3
CIT_12357,5
CIT_7351,1
CIT_5954,5
CIT_15981,2
CIT_4469,3
CIT_18635,3
CIT_5519,5
CIT_11511,4
CIT_2614,1
CIT_2601,2
CIT_3601,2
CIT_3355,3
CIT_13541,5
CIT_3484,5
CIT_6117,1
CIT_19380,1
CIT_15860,1
CIT_1515,4
CIT_14426,1
CIT_15073,2
CIT_12835,2
CIT_1542,2
CIT_1315,4
CIT_9776,4
CIT_0756,3
CIT_18912,4
CIT_5033,2
CIT_2326,1
CIT_1062,5
CIT_7658,3
CIT_12066,3
CIT_1107,2
CIT_2318,4
CIT_6074,5
CIT_15659,4
CIT_16061,1
CIT_17913,2
CIT_17666,3
CIT_1623,2
